StepKey,SimDay,SimHour,SimHourLabel,HourBand,DayLabel,IsFullVolumeDay
1,1,1,H01,Quiet hours,Day 01,1
2,1,2,H02,Quiet hours,Day 01,1
3,1,3,H03,Quiet hours,Day 01,1
4,1,4,H04,Quiet hours,Day 01,1
5,1,5,H05,Quiet hours,Day 01,1
6,1,6,H06,Quiet hours,Day 01,1
7,1,7,H07,Quiet hours,Day 01,1
8,1,8,H08,Quiet hours,Day 01,1
9,1,9,H09,Active hours,Day 01,1
10,1,10,H10,Active hours,Day 01,1
11,1,11,H11,Active hours,Day 01,1
12,1,12,H12,Active hours,Day 01,1
13,1,13,H13,Active hours,Day 01,1
14,1,14,H14,Active hours,Day 01,1
15,1,15,H15,Active hours,Day 01,1
16,1,16,H16,Active hours,Day 01,1
17,1,17,H17,Active hours,Day 01,1
18,1,18,H18,Active hours,Day 01,1
19,1,19,H19,Active hours,Day 01,1
20,1,20,H20,Active hours,Day 01,1
21,1,21,H21,Active hours,Day 01,1
22,1,22,H22,Active hours,Day 01,1
23,1,23,H23,Active hours,Day 01,1
24,1,0,H00,Active hours,Day 01,1
25,2,1,H01,Quiet hours,Day 02,1
26,2,2,H02,Quiet hours,Day 02,1
27,2,3,H03,Quiet hours,Day 02,1
28,2,4,H04,Quiet hours,Day 02,1
29,2,5,H05,Quiet hours,Day 02,1
30,2,6,H06,Quiet hours,Day 02,1
31,2,7,H07,Quiet hours,Day 02,1
32,2,8,H08,Quiet hours,Day 02,1
33,2,9,H09,Active hours,Day 02,1
34,2,10,H10,Active hours,Day 02,1
35,2,11,H11,Active hours,Day 02,1
36,2,12,H12,Active hours,Day 02,1
37,2,13,H13,Active hours,Day 02,1
38,2,14,H14,Active hours,Day 02,1
39,2,15,H15,Active hours,Day 02,1
40,2,16,H16,Active hours,Day 02,1
41,2,17,H17,Active hours,Day 02,1
42,2,18,H18,Active hours,Day 02,1
43,2,19,H19,Active hours,Day 02,1
44,2,20,H20,Active hours,Day 02,1
45,2,21,H21,Active hours,Day 02,1
46,2,22,H22,Active hours,Day 02,1
47,2,23,H23,Active hours,Day 02,1
48,2,0,H00,Active hours,Day 02,1
49,3,1,H01,Quiet hours,Day 03,0
50,3,2,H02,Quiet hours,Day 03,0
51,3,3,H03,Quiet hours,Day 03,0
52,3,4,H04,Quiet hours,Day 03,0
53,3,5,H05,Quiet hours,Day 03,0
54,3,6,H06,Quiet hours,Day 03,0
55,3,7,H07,Quiet hours,Day 03,0
56,3,8,H08,Quiet hours,Day 03,0
57,3,9,H09,Active hours,Day 03,0
58,3,10,H10,Active hours,Day 03,0
59,3,11,H11,Active hours,Day 03,0
60,3,12,H12,Active hours,Day 03,0
61,3,13,H13,Active hours,Day 03,0
62,3,14,H14,Active hours,Day 03,0
63,3,15,H15,Active hours,Day 03,0
64,3,16,H16,Active hours,Day 03,0
65,3,17,H17,Active hours,Day 03,0
66,3,18,H18,Active hours,Day 03,0
67,3,19,H19,Active hours,Day 03,0
68,3,20,H20,Active hours,Day 03,0
69,3,21,H21,Active hours,Day 03,0
70,3,22,H22,Active hours,Day 03,0
71,3,23,H23,Active hours,Day 03,0
72,3,0,H00,Active hours,Day 03,0
73,4,1,H01,Quiet hours,Day 04,0
74,4,2,H02,Quiet hours,Day 04,0
75,4,3,H03,Quiet hours,Day 04,0
76,4,4,H04,Quiet hours,Day 04,0
77,4,5,H05,Quiet hours,Day 04,0
78,4,6,H06,Quiet hours,Day 04,0
79,4,7,H07,Quiet hours,Day 04,0
80,4,8,H08,Quiet hours,Day 04,0
81,4,9,H09,Active hours,Day 04,0
82,4,10,H10,Active hours,Day 04,0
83,4,11,H11,Active hours,Day 04,0
84,4,12,H12,Active hours,Day 04,0
85,4,13,H13,Active hours,Day 04,0
86,4,14,H14,Active hours,Day 04,0
87,4,15,H15,Active hours,Day 04,0
88,4,16,H16,Active hours,Day 04,0
89,4,17,H17,Active hours,Day 04,0
90,4,18,H18,Active hours,Day 04,0
91,4,19,H19,Active hours,Day 04,0
92,4,20,H20,Active hours,Day 04,0
93,4,21,H21,Active hours,Day 04,0
94,4,22,H22,Active hours,Day 04,0
95,4,23,H23,Active hours,Day 04,0
96,4,0,H00,Active hours,Day 04,0
97,5,1,H01,Quiet hours,Day 05,0
98,5,2,H02,Quiet hours,Day 05,0
99,5,3,H03,Quiet hours,Day 05,0
100,5,4,H04,Quiet hours,Day 05,0
101,5,5,H05,Quiet hours,Day 05,0
102,5,6,H06,Quiet hours,Day 05,0
103,5,7,H07,Quiet hours,Day 05,0
104,5,8,H08,Quiet hours,Day 05,0
105,5,9,H09,Active hours,Day 05,0
106,5,10,H10,Active hours,Day 05,0
107,5,11,H11,Active hours,Day 05,0
108,5,12,H12,Active hours,Day 05,0
109,5,13,H13,Active hours,Day 05,0
110,5,14,H14,Active hours,Day 05,0
111,5,15,H15,Active hours,Day 05,0
112,5,16,H16,Active hours,Day 05,0
113,5,17,H17,Active hours,Day 05,0
114,5,18,H18,Active hours,Day 05,0
115,5,19,H19,Active hours,Day 05,0
116,5,20,H20,Active hours,Day 05,0
117,5,21,H21,Active hours,Day 05,0
118,5,22,H22,Active hours,Day 05,0
119,5,23,H23,Active hours,Day 05,0
120,5,0,H00,Active hours,Day 05,0
121,6,1,H01,Quiet hours,Day 06,1
122,6,2,H02,Quiet hours,Day 06,1
123,6,3,H03,Quiet hours,Day 06,1
124,6,4,H04,Quiet hours,Day 06,1
125,6,5,H05,Quiet hours,Day 06,1
126,6,6,H06,Quiet hours,Day 06,1
127,6,7,H07,Quiet hours,Day 06,1
128,6,8,H08,Quiet hours,Day 06,1
129,6,9,H09,Active hours,Day 06,1
130,6,10,H10,Active hours,Day 06,1
131,6,11,H11,Active hours,Day 06,1
132,6,12,H12,Active hours,Day 06,1
133,6,13,H13,Active hours,Day 06,1
134,6,14,H14,Active hours,Day 06,1
135,6,15,H15,Active hours,Day 06,1
136,6,16,H16,Active hours,Day 06,1
137,6,17,H17,Active hours,Day 06,1
138,6,18,H18,Active hours,Day 06,1
139,6,19,H19,Active hours,Day 06,1
140,6,20,H20,Active hours,Day 06,1
141,6,21,H21,Active hours,Day 06,1
142,6,22,H22,Active hours,Day 06,1
143,6,23,H23,Active hours,Day 06,1
144,6,0,H00,Active hours,Day 06,1
145,7,1,H01,Quiet hours,Day 07,1
146,7,2,H02,Quiet hours,Day 07,1
147,7,3,H03,Quiet hours,Day 07,1
148,7,4,H04,Quiet hours,Day 07,1
149,7,5,H05,Quiet hours,Day 07,1
150,7,6,H06,Quiet hours,Day 07,1
151,7,7,H07,Quiet hours,Day 07,1
152,7,8,H08,Quiet hours,Day 07,1
153,7,9,H09,Active hours,Day 07,1
154,7,10,H10,Active hours,Day 07,1
155,7,11,H11,Active hours,Day 07,1
156,7,12,H12,Active hours,Day 07,1
157,7,13,H13,Active hours,Day 07,1
158,7,14,H14,Active hours,Day 07,1
159,7,15,H15,Active hours,Day 07,1
160,7,16,H16,Active hours,Day 07,1
161,7,17,H17,Active hours,Day 07,1
162,7,18,H18,Active hours,Day 07,1
163,7,19,H19,Active hours,Day 07,1
164,7,20,H20,Active hours,Day 07,1
165,7,21,H21,Active hours,Day 07,1
166,7,22,H22,Active hours,Day 07,1
167,7,23,H23,Active hours,Day 07,1
168,7,0,H00,Active hours,Day 07,1
169,8,1,H01,Quiet hours,Day 08,1
170,8,2,H02,Quiet hours,Day 08,1
171,8,3,H03,Quiet hours,Day 08,1
172,8,4,H04,Quiet hours,Day 08,1
173,8,5,H05,Quiet hours,Day 08,1
174,8,6,H06,Quiet hours,Day 08,1
175,8,7,H07,Quiet hours,Day 08,1
176,8,8,H08,Quiet hours,Day 08,1
177,8,9,H09,Active hours,Day 08,1
178,8,10,H10,Active hours,Day 08,1
179,8,11,H11,Active hours,Day 08,1
180,8,12,H12,Active hours,Day 08,1
181,8,13,H13,Active hours,Day 08,1
182,8,14,H14,Active hours,Day 08,1
183,8,15,H15,Active hours,Day 08,1
184,8,16,H16,Active hours,Day 08,1
185,8,17,H17,Active hours,Day 08,1
186,8,18,H18,Active hours,Day 08,1
187,8,19,H19,Active hours,Day 08,1
188,8,20,H20,Active hours,Day 08,1
189,8,21,H21,Active hours,Day 08,1
190,8,22,H22,Active hours,Day 08,1
191,8,23,H23,Active hours,Day 08,1
192,8,0,H00,Active hours,Day 08,1
193,9,1,H01,Quiet hours,Day 09,1
194,9,2,H02,Quiet hours,Day 09,1
195,9,3,H03,Quiet hours,Day 09,1
196,9,4,H04,Quiet hours,Day 09,1
197,9,5,H05,Quiet hours,Day 09,1
198,9,6,H06,Quiet hours,Day 09,1
199,9,7,H07,Quiet hours,Day 09,1
200,9,8,H08,Quiet hours,Day 09,1
201,9,9,H09,Active hours,Day 09,1
202,9,10,H10,Active hours,Day 09,1
203,9,11,H11,Active hours,Day 09,1
204,9,12,H12,Active hours,Day 09,1
205,9,13,H13,Active hours,Day 09,1
206,9,14,H14,Active hours,Day 09,1
207,9,15,H15,Active hours,Day 09,1
208,9,16,H16,Active hours,Day 09,1
209,9,17,H17,Active hours,Day 09,1
210,9,18,H18,Active hours,Day 09,1
211,9,19,H19,Active hours,Day 09,1
212,9,20,H20,Active hours,Day 09,1
213,9,21,H21,Active hours,Day 09,1
214,9,22,H22,Active hours,Day 09,1
215,9,23,H23,Active hours,Day 09,1
216,9,0,H00,Active hours,Day 09,1
217,10,1,H01,Quiet hours,Day 10,1
218,10,2,H02,Quiet hours,Day 10,1
219,10,3,H03,Quiet hours,Day 10,1
220,10,4,H04,Quiet hours,Day 10,1
221,10,5,H05,Quiet hours,Day 10,1
222,10,6,H06,Quiet hours,Day 10,1
223,10,7,H07,Quiet hours,Day 10,1
224,10,8,H08,Quiet hours,Day 10,1
225,10,9,H09,Active hours,Day 10,1
226,10,10,H10,Active hours,Day 10,1
227,10,11,H11,Active hours,Day 10,1
228,10,12,H12,Active hours,Day 10,1
229,10,13,H13,Active hours,Day 10,1
230,10,14,H14,Active hours,Day 10,1
231,10,15,H15,Active hours,Day 10,1
232,10,16,H16,Active hours,Day 10,1
233,10,17,H17,Active hours,Day 10,1
234,10,18,H18,Active hours,Day 10,1
235,10,19,H19,Active hours,Day 10,1
236,10,20,H20,Active hours,Day 10,1
237,10,21,H21,Active hours,Day 10,1
238,10,22,H22,Active hours,Day 10,1
239,10,23,H23,Active hours,Day 10,1
240,10,0,H00,Active hours,Day 10,1
241,11,1,H01,Quiet hours,Day 11,1
242,11,2,H02,Quiet hours,Day 11,1
243,11,3,H03,Quiet hours,Day 11,1
244,11,4,H04,Quiet hours,Day 11,1
245,11,5,H05,Quiet hours,Day 11,1
246,11,6,H06,Quiet hours,Day 11,1
247,11,7,H07,Quiet hours,Day 11,1
248,11,8,H08,Quiet hours,Day 11,1
249,11,9,H09,Active hours,Day 11,1
250,11,10,H10,Active hours,Day 11,1
251,11,11,H11,Active hours,Day 11,1
252,11,12,H12,Active hours,Day 11,1
253,11,13,H13,Active hours,Day 11,1
254,11,14,H14,Active hours,Day 11,1
255,11,15,H15,Active hours,Day 11,1
256,11,16,H16,Active hours,Day 11,1
257,11,17,H17,Active hours,Day 11,1
258,11,18,H18,Active hours,Day 11,1
259,11,19,H19,Active hours,Day 11,1
260,11,20,H20,Active hours,Day 11,1
261,11,21,H21,Active hours,Day 11,1
262,11,22,H22,Active hours,Day 11,1
263,11,23,H23,Active hours,Day 11,1
264,11,0,H00,Active hours,Day 11,1
265,12,1,H01,Quiet hours,Day 12,1
266,12,2,H02,Quiet hours,Day 12,1
267,12,3,H03,Quiet hours,Day 12,1
268,12,4,H04,Quiet hours,Day 12,1
269,12,5,H05,Quiet hours,Day 12,1
270,12,6,H06,Quiet hours,Day 12,1
271,12,7,H07,Quiet hours,Day 12,1
272,12,8,H08,Quiet hours,Day 12,1
273,12,9,H09,Active hours,Day 12,1
274,12,10,H10,Active hours,Day 12,1
275,12,11,H11,Active hours,Day 12,1
276,12,12,H12,Active hours,Day 12,1
277,12,13,H13,Active hours,Day 12,1
278,12,14,H14,Active hours,Day 12,1
279,12,15,H15,Active hours,Day 12,1
280,12,16,H16,Active hours,Day 12,1
281,12,17,H17,Active hours,Day 12,1
282,12,18,H18,Active hours,Day 12,1
283,12,19,H19,Active hours,Day 12,1
284,12,20,H20,Active hours,Day 12,1
285,12,21,H21,Active hours,Day 12,1
286,12,22,H22,Active hours,Day 12,1
287,12,23,H23,Active hours,Day 12,1
288,12,0,H00,Active hours,Day 12,1
289,13,1,H01,Quiet hours,Day 13,1
290,13,2,H02,Quiet hours,Day 13,1
291,13,3,H03,Quiet hours,Day 13,1
292,13,4,H04,Quiet hours,Day 13,1
293,13,5,H05,Quiet hours,Day 13,1
294,13,6,H06,Quiet hours,Day 13,1
295,13,7,H07,Quiet hours,Day 13,1
296,13,8,H08,Quiet hours,Day 13,1
297,13,9,H09,Active hours,Day 13,1
298,13,10,H10,Active hours,Day 13,1
299,13,11,H11,Active hours,Day 13,1
300,13,12,H12,Active hours,Day 13,1
301,13,13,H13,Active hours,Day 13,1
302,13,14,H14,Active hours,Day 13,1
303,13,15,H15,Active hours,Day 13,1
304,13,16,H16,Active hours,Day 13,1
305,13,17,H17,Active hours,Day 13,1
306,13,18,H18,Active hours,Day 13,1
307,13,19,H19,Active hours,Day 13,1
308,13,20,H20,Active hours,Day 13,1
309,13,21,H21,Active hours,Day 13,1
310,13,22,H22,Active hours,Day 13,1
311,13,23,H23,Active hours,Day 13,1
312,13,0,H00,Active hours,Day 13,1
313,14,1,H01,Quiet hours,Day 14,1
314,14,2,H02,Quiet hours,Day 14,1
315,14,3,H03,Quiet hours,Day 14,1
316,14,4,H04,Quiet hours,Day 14,1
317,14,5,H05,Quiet hours,Day 14,1
318,14,6,H06,Quiet hours,Day 14,1
319,14,7,H07,Quiet hours,Day 14,1
320,14,8,H08,Quiet hours,Day 14,1
321,14,9,H09,Active hours,Day 14,1
322,14,10,H10,Active hours,Day 14,1
323,14,11,H11,Active hours,Day 14,1
324,14,12,H12,Active hours,Day 14,1
325,14,13,H13,Active hours,Day 14,1
326,14,14,H14,Active hours,Day 14,1
327,14,15,H15,Active hours,Day 14,1
328,14,16,H16,Active hours,Day 14,1
329,14,17,H17,Active hours,Day 14,1
330,14,18,H18,Active hours,Day 14,1
331,14,19,H19,Active hours,Day 14,1
332,14,20,H20,Active hours,Day 14,1
333,14,21,H21,Active hours,Day 14,1
334,14,22,H22,Active hours,Day 14,1
335,14,23,H23,Active hours,Day 14,1
336,14,0,H00,Active hours,Day 14,1
337,15,1,H01,Quiet hours,Day 15,1
338,15,2,H02,Quiet hours,Day 15,1
339,15,3,H03,Quiet hours,Day 15,1
340,15,4,H04,Quiet hours,Day 15,1
341,15,5,H05,Quiet hours,Day 15,1
342,15,6,H06,Quiet hours,Day 15,1
343,15,7,H07,Quiet hours,Day 15,1
344,15,8,H08,Quiet hours,Day 15,1
345,15,9,H09,Active hours,Day 15,1
346,15,10,H10,Active hours,Day 15,1
347,15,11,H11,Active hours,Day 15,1
348,15,12,H12,Active hours,Day 15,1
349,15,13,H13,Active hours,Day 15,1
350,15,14,H14,Active hours,Day 15,1
351,15,15,H15,Active hours,Day 15,1
352,15,16,H16,Active hours,Day 15,1
353,15,17,H17,Active hours,Day 15,1
354,15,18,H18,Active hours,Day 15,1
355,15,19,H19,Active hours,Day 15,1
356,15,20,H20,Active hours,Day 15,1
357,15,21,H21,Active hours,Day 15,1
358,15,22,H22,Active hours,Day 15,1
359,15,23,H23,Active hours,Day 15,1
360,15,0,H00,Active hours,Day 15,1
361,16,1,H01,Quiet hours,Day 16,1
362,16,2,H02,Quiet hours,Day 16,1
363,16,3,H03,Quiet hours,Day 16,1
364,16,4,H04,Quiet hours,Day 16,1
365,16,5,H05,Quiet hours,Day 16,1
366,16,6,H06,Quiet hours,Day 16,1
367,16,7,H07,Quiet hours,Day 16,1
368,16,8,H08,Quiet hours,Day 16,1
369,16,9,H09,Active hours,Day 16,1
370,16,10,H10,Active hours,Day 16,1
371,16,11,H11,Active hours,Day 16,1
372,16,12,H12,Active hours,Day 16,1
373,16,13,H13,Active hours,Day 16,1
374,16,14,H14,Active hours,Day 16,1
375,16,15,H15,Active hours,Day 16,1
376,16,16,H16,Active hours,Day 16,1
377,16,17,H17,Active hours,Day 16,1
378,16,18,H18,Active hours,Day 16,1
379,16,19,H19,Active hours,Day 16,1
380,16,20,H20,Active hours,Day 16,1
381,16,21,H21,Active hours,Day 16,1
382,16,22,H22,Active hours,Day 16,1
383,16,23,H23,Active hours,Day 16,1
384,16,0,H00,Active hours,Day 16,1
385,17,1,H01,Quiet hours,Day 17,1
386,17,2,H02,Quiet hours,Day 17,1
387,17,3,H03,Quiet hours,Day 17,1
388,17,4,H04,Quiet hours,Day 17,1
389,17,5,H05,Quiet hours,Day 17,1
390,17,6,H06,Quiet hours,Day 17,1
391,17,7,H07,Quiet hours,Day 17,1
392,17,8,H08,Quiet hours,Day 17,1
393,17,9,H09,Active hours,Day 17,1
394,17,10,H10,Active hours,Day 17,1
395,17,11,H11,Active hours,Day 17,1
396,17,12,H12,Active hours,Day 17,1
397,17,13,H13,Active hours,Day 17,1
398,17,14,H14,Active hours,Day 17,1
399,17,15,H15,Active hours,Day 17,1
400,17,16,H16,Active hours,Day 17,1
401,17,17,H17,Active hours,Day 17,1
402,17,18,H18,Active hours,Day 17,1
403,17,19,H19,Active hours,Day 17,1
404,17,20,H20,Active hours,Day 17,1
405,17,21,H21,Active hours,Day 17,1
406,17,22,H22,Active hours,Day 17,1
407,17,23,H23,Active hours,Day 17,1
408,17,0,H00,Active hours,Day 17,1
409,18,1,H01,Quiet hours,Day 18,0
410,18,2,H02,Quiet hours,Day 18,0
411,18,3,H03,Quiet hours,Day 18,0
412,18,4,H04,Quiet hours,Day 18,0
413,18,5,H05,Quiet hours,Day 18,0
414,18,6,H06,Quiet hours,Day 18,0
415,18,7,H07,Quiet hours,Day 18,0
416,18,8,H08,Quiet hours,Day 18,0
417,18,9,H09,Active hours,Day 18,0
418,18,10,H10,Active hours,Day 18,0
419,18,11,H11,Active hours,Day 18,0
420,18,12,H12,Active hours,Day 18,0
421,18,13,H13,Active hours,Day 18,0
422,18,14,H14,Active hours,Day 18,0
423,18,15,H15,Active hours,Day 18,0
424,18,16,H16,Active hours,Day 18,0
425,18,17,H17,Active hours,Day 18,0
426,18,18,H18,Active hours,Day 18,0
427,18,19,H19,Active hours,Day 18,0
428,18,20,H20,Active hours,Day 18,0
429,18,21,H21,Active hours,Day 18,0
430,18,22,H22,Active hours,Day 18,0
431,18,23,H23,Active hours,Day 18,0
432,18,0,H00,Active hours,Day 18,0
433,19,1,H01,Quiet hours,Day 19,0
434,19,2,H02,Quiet hours,Day 19,0
435,19,3,H03,Quiet hours,Day 19,0
436,19,4,H04,Quiet hours,Day 19,0
437,19,5,H05,Quiet hours,Day 19,0
438,19,6,H06,Quiet hours,Day 19,0
439,19,7,H07,Quiet hours,Day 19,0
440,19,8,H08,Quiet hours,Day 19,0
441,19,9,H09,Active hours,Day 19,0
442,19,10,H10,Active hours,Day 19,0
443,19,11,H11,Active hours,Day 19,0
444,19,12,H12,Active hours,Day 19,0
445,19,13,H13,Active hours,Day 19,0
446,19,14,H14,Active hours,Day 19,0
447,19,15,H15,Active hours,Day 19,0
448,19,16,H16,Active hours,Day 19,0
449,19,17,H17,Active hours,Day 19,0
450,19,18,H18,Active hours,Day 19,0
451,19,19,H19,Active hours,Day 19,0
452,19,20,H20,Active hours,Day 19,0
453,19,21,H21,Active hours,Day 19,0
454,19,22,H22,Active hours,Day 19,0
455,19,23,H23,Active hours,Day 19,0
456,19,0,H00,Active hours,Day 19,0
457,20,1,H01,Quiet hours,Day 20,0
458,20,2,H02,Quiet hours,Day 20,0
459,20,3,H03,Quiet hours,Day 20,0
460,20,4,H04,Quiet hours,Day 20,0
461,20,5,H05,Quiet hours,Day 20,0
462,20,6,H06,Quiet hours,Day 20,0
463,20,7,H07,Quiet hours,Day 20,0
464,20,8,H08,Quiet hours,Day 20,0
465,20,9,H09,Active hours,Day 20,0
466,20,10,H10,Active hours,Day 20,0
467,20,11,H11,Active hours,Day 20,0
468,20,12,H12,Active hours,Day 20,0
469,20,13,H13,Active hours,Day 20,0
470,20,14,H14,Active hours,Day 20,0
471,20,15,H15,Active hours,Day 20,0
472,20,16,H16,Active hours,Day 20,0
473,20,17,H17,Active hours,Day 20,0
474,20,18,H18,Active hours,Day 20,0
475,20,19,H19,Active hours,Day 20,0
476,20,20,H20,Active hours,Day 20,0
477,20,21,H21,Active hours,Day 20,0
478,20,22,H22,Active hours,Day 20,0
479,20,23,H23,Active hours,Day 20,0
480,20,0,H00,Active hours,Day 20,0
481,21,1,H01,Quiet hours,Day 21,0
482,21,2,H02,Quiet hours,Day 21,0
483,21,3,H03,Quiet hours,Day 21,0
484,21,4,H04,Quiet hours,Day 21,0
485,21,5,H05,Quiet hours,Day 21,0
486,21,6,H06,Quiet hours,Day 21,0
487,21,7,H07,Quiet hours,Day 21,0
488,21,8,H08,Quiet hours,Day 21,0
489,21,9,H09,Active hours,Day 21,0
490,21,10,H10,Active hours,Day 21,0
491,21,11,H11,Active hours,Day 21,0
492,21,12,H12,Active hours,Day 21,0
493,21,13,H13,Active hours,Day 21,0
494,21,14,H14,Active hours,Day 21,0
495,21,15,H15,Active hours,Day 21,0
496,21,16,H16,Active hours,Day 21,0
497,21,17,H17,Active hours,Day 21,0
498,21,18,H18,Active hours,Day 21,0
499,21,19,H19,Active hours,Day 21,0
500,21,20,H20,Active hours,Day 21,0
501,21,21,H21,Active hours,Day 21,0
502,21,22,H22,Active hours,Day 21,0
503,21,23,H23,Active hours,Day 21,0
504,21,0,H00,Active hours,Day 21,0
505,22,1,H01,Quiet hours,Day 22,0
506,22,2,H02,Quiet hours,Day 22,0
507,22,3,H03,Quiet hours,Day 22,0
508,22,4,H04,Quiet hours,Day 22,0
509,22,5,H05,Quiet hours,Day 22,0
510,22,6,H06,Quiet hours,Day 22,0
511,22,7,H07,Quiet hours,Day 22,0
512,22,8,H08,Quiet hours,Day 22,0
513,22,9,H09,Active hours,Day 22,0
514,22,10,H10,Active hours,Day 22,0
515,22,11,H11,Active hours,Day 22,0
516,22,12,H12,Active hours,Day 22,0
517,22,13,H13,Active hours,Day 22,0
518,22,14,H14,Active hours,Day 22,0
519,22,15,H15,Active hours,Day 22,0
520,22,16,H16,Active hours,Day 22,0
521,22,17,H17,Active hours,Day 22,0
522,22,18,H18,Active hours,Day 22,0
523,22,19,H19,Active hours,Day 22,0
524,22,20,H20,Active hours,Day 22,0
525,22,21,H21,Active hours,Day 22,0
526,22,22,H22,Active hours,Day 22,0
527,22,23,H23,Active hours,Day 22,0
528,22,0,H00,Active hours,Day 22,0
529,23,1,H01,Quiet hours,Day 23,0
530,23,2,H02,Quiet hours,Day 23,0
531,23,3,H03,Quiet hours,Day 23,0
532,23,4,H04,Quiet hours,Day 23,0
533,23,5,H05,Quiet hours,Day 23,0
534,23,6,H06,Quiet hours,Day 23,0
535,23,7,H07,Quiet hours,Day 23,0
536,23,8,H08,Quiet hours,Day 23,0
537,23,9,H09,Active hours,Day 23,0
538,23,10,H10,Active hours,Day 23,0
539,23,11,H11,Active hours,Day 23,0
540,23,12,H12,Active hours,Day 23,0
541,23,13,H13,Active hours,Day 23,0
542,23,14,H14,Active hours,Day 23,0
543,23,15,H15,Active hours,Day 23,0
544,23,16,H16,Active hours,Day 23,0
545,23,17,H17,Active hours,Day 23,0
546,23,18,H18,Active hours,Day 23,0
547,23,19,H19,Active hours,Day 23,0
548,23,20,H20,Active hours,Day 23,0
549,23,21,H21,Active hours,Day 23,0
550,23,22,H22,Active hours,Day 23,0
551,23,23,H23,Active hours,Day 23,0
552,23,0,H00,Active hours,Day 23,0
553,24,1,H01,Quiet hours,Day 24,0
554,24,2,H02,Quiet hours,Day 24,0
555,24,3,H03,Quiet hours,Day 24,0
556,24,4,H04,Quiet hours,Day 24,0
557,24,5,H05,Quiet hours,Day 24,0
558,24,6,H06,Quiet hours,Day 24,0
559,24,7,H07,Quiet hours,Day 24,0
560,24,8,H08,Quiet hours,Day 24,0
561,24,9,H09,Active hours,Day 24,0
562,24,10,H10,Active hours,Day 24,0
563,24,11,H11,Active hours,Day 24,0
564,24,12,H12,Active hours,Day 24,0
565,24,13,H13,Active hours,Day 24,0
566,24,14,H14,Active hours,Day 24,0
567,24,15,H15,Active hours,Day 24,0
568,24,16,H16,Active hours,Day 24,0
569,24,17,H17,Active hours,Day 24,0
570,24,18,H18,Active hours,Day 24,0
571,24,19,H19,Active hours,Day 24,0
572,24,20,H20,Active hours,Day 24,0
573,24,21,H21,Active hours,Day 24,0
574,24,22,H22,Active hours,Day 24,0
575,24,23,H23,Active hours,Day 24,0
576,24,0,H00,Active hours,Day 24,0
577,25,1,H01,Quiet hours,Day 25,0
578,25,2,H02,Quiet hours,Day 25,0
579,25,3,H03,Quiet hours,Day 25,0
580,25,4,H04,Quiet hours,Day 25,0
581,25,5,H05,Quiet hours,Day 25,0
582,25,6,H06,Quiet hours,Day 25,0
583,25,7,H07,Quiet hours,Day 25,0
584,25,8,H08,Quiet hours,Day 25,0
585,25,9,H09,Active hours,Day 25,0
586,25,10,H10,Active hours,Day 25,0
587,25,11,H11,Active hours,Day 25,0
588,25,12,H12,Active hours,Day 25,0
589,25,13,H13,Active hours,Day 25,0
590,25,14,H14,Active hours,Day 25,0
591,25,15,H15,Active hours,Day 25,0
592,25,16,H16,Active hours,Day 25,0
593,25,17,H17,Active hours,Day 25,0
594,25,18,H18,Active hours,Day 25,0
595,25,19,H19,Active hours,Day 25,0
596,25,20,H20,Active hours,Day 25,0
597,25,21,H21,Active hours,Day 25,0
598,25,22,H22,Active hours,Day 25,0
599,25,23,H23,Active hours,Day 25,0
600,25,0,H00,Active hours,Day 25,0
601,26,1,H01,Quiet hours,Day 26,0
602,26,2,H02,Quiet hours,Day 26,0
603,26,3,H03,Quiet hours,Day 26,0
604,26,4,H04,Quiet hours,Day 26,0
605,26,5,H05,Quiet hours,Day 26,0
606,26,6,H06,Quiet hours,Day 26,0
607,26,7,H07,Quiet hours,Day 26,0
608,26,8,H08,Quiet hours,Day 26,0
609,26,9,H09,Active hours,Day 26,0
610,26,10,H10,Active hours,Day 26,0
611,26,11,H11,Active hours,Day 26,0
612,26,12,H12,Active hours,Day 26,0
613,26,13,H13,Active hours,Day 26,0
614,26,14,H14,Active hours,Day 26,0
615,26,15,H15,Active hours,Day 26,0
616,26,16,H16,Active hours,Day 26,0
617,26,17,H17,Active hours,Day 26,0
618,26,18,H18,Active hours,Day 26,0
619,26,19,H19,Active hours,Day 26,0
620,26,20,H20,Active hours,Day 26,0
621,26,21,H21,Active hours,Day 26,0
622,26,22,H22,Active hours,Day 26,0
623,26,23,H23,Active hours,Day 26,0
624,26,0,H00,Active hours,Day 26,0
625,27,1,H01,Quiet hours,Day 27,0
626,27,2,H02,Quiet hours,Day 27,0
627,27,3,H03,Quiet hours,Day 27,0
628,27,4,H04,Quiet hours,Day 27,0
629,27,5,H05,Quiet hours,Day 27,0
630,27,6,H06,Quiet hours,Day 27,0
631,27,7,H07,Quiet hours,Day 27,0
632,27,8,H08,Quiet hours,Day 27,0
633,27,9,H09,Active hours,Day 27,0
634,27,10,H10,Active hours,Day 27,0
635,27,11,H11,Active hours,Day 27,0
636,27,12,H12,Active hours,Day 27,0
637,27,13,H13,Active hours,Day 27,0
638,27,14,H14,Active hours,Day 27,0
639,27,15,H15,Active hours,Day 27,0
640,27,16,H16,Active hours,Day 27,0
641,27,17,H17,Active hours,Day 27,0
642,27,18,H18,Active hours,Day 27,0
643,27,19,H19,Active hours,Day 27,0
644,27,20,H20,Active hours,Day 27,0
645,27,21,H21,Active hours,Day 27,0
646,27,22,H22,Active hours,Day 27,0
647,27,23,H23,Active hours,Day 27,0
648,27,0,H00,Active hours,Day 27,0
649,28,1,H01,Quiet hours,Day 28,0
650,28,2,H02,Quiet hours,Day 28,0
651,28,3,H03,Quiet hours,Day 28,0
652,28,4,H04,Quiet hours,Day 28,0
653,28,5,H05,Quiet hours,Day 28,0
654,28,6,H06,Quiet hours,Day 28,0
655,28,7,H07,Quiet hours,Day 28,0
656,28,8,H08,Quiet hours,Day 28,0
657,28,9,H09,Active hours,Day 28,0
658,28,10,H10,Active hours,Day 28,0
659,28,11,H11,Active hours,Day 28,0
660,28,12,H12,Active hours,Day 28,0
661,28,13,H13,Active hours,Day 28,0
662,28,14,H14,Active hours,Day 28,0
663,28,15,H15,Active hours,Day 28,0
664,28,16,H16,Active hours,Day 28,0
665,28,17,H17,Active hours,Day 28,0
666,28,18,H18,Active hours,Day 28,0
667,28,19,H19,Active hours,Day 28,0
668,28,20,H20,Active hours,Day 28,0
669,28,21,H21,Active hours,Day 28,0
670,28,22,H22,Active hours,Day 28,0
671,28,23,H23,Active hours,Day 28,0
672,28,0,H00,Active hours,Day 28,0
673,29,1,H01,Quiet hours,Day 29,0
674,29,2,H02,Quiet hours,Day 29,0
675,29,3,H03,Quiet hours,Day 29,0
676,29,4,H04,Quiet hours,Day 29,0
677,29,5,H05,Quiet hours,Day 29,0
678,29,6,H06,Quiet hours,Day 29,0
679,29,7,H07,Quiet hours,Day 29,0
680,29,8,H08,Quiet hours,Day 29,0
681,29,9,H09,Active hours,Day 29,0
682,29,10,H10,Active hours,Day 29,0
683,29,11,H11,Active hours,Day 29,0
684,29,12,H12,Active hours,Day 29,0
685,29,13,H13,Active hours,Day 29,0
686,29,14,H14,Active hours,Day 29,0
687,29,15,H15,Active hours,Day 29,0
688,29,16,H16,Active hours,Day 29,0
689,29,17,H17,Active hours,Day 29,0
690,29,18,H18,Active hours,Day 29,0
691,29,19,H19,Active hours,Day 29,0
692,29,20,H20,Active hours,Day 29,0
693,29,21,H21,Active hours,Day 29,0
694,29,22,H22,Active hours,Day 29,0
695,29,23,H23,Active hours,Day 29,0
696,29,0,H00,Active hours,Day 29,0
697,30,1,H01,Quiet hours,Day 30,0
698,30,2,H02,Quiet hours,Day 30,0
699,30,3,H03,Quiet hours,Day 30,0
700,30,4,H04,Quiet hours,Day 30,0
701,30,5,H05,Quiet hours,Day 30,0
702,30,6,H06,Quiet hours,Day 30,0
703,30,7,H07,Quiet hours,Day 30,0
704,30,8,H08,Quiet hours,Day 30,0
705,30,9,H09,Active hours,Day 30,0
706,30,10,H10,Active hours,Day 30,0
707,30,11,H11,Active hours,Day 30,0
708,30,12,H12,Active hours,Day 30,0
709,30,13,H13,Active hours,Day 30,0
710,30,14,H14,Active hours,Day 30,0
711,30,15,H15,Active hours,Day 30,0
712,30,16,H16,Active hours,Day 30,0
713,30,17,H17,Active hours,Day 30,0
714,30,18,H18,Active hours,Day 30,0
715,30,19,H19,Active hours,Day 30,0
716,30,20,H20,Active hours,Day 30,0
717,30,21,H21,Active hours,Day 30,0
718,30,22,H22,Active hours,Day 30,0
719,30,23,H23,Active hours,Day 30,0
720,30,0,H00,Active hours,Day 30,0
721,31,1,H01,Quiet hours,Day 31,0
722,31,2,H02,Quiet hours,Day 31,0
723,31,3,H03,Quiet hours,Day 31,0
724,31,4,H04,Quiet hours,Day 31,0
725,31,5,H05,Quiet hours,Day 31,0
726,31,6,H06,Quiet hours,Day 31,0
727,31,7,H07,Quiet hours,Day 31,0
728,31,8,H08,Quiet hours,Day 31,0
729,31,9,H09,Active hours,Day 31,0
730,31,10,H10,Active hours,Day 31,0
731,31,11,H11,Active hours,Day 31,0
732,31,12,H12,Active hours,Day 31,0
733,31,13,H13,Active hours,Day 31,0
734,31,14,H14,Active hours,Day 31,0
735,31,15,H15,Active hours,Day 31,0
736,31,16,H16,Active hours,Day 31,0
737,31,17,H17,Active hours,Day 31,0
738,31,18,H18,Active hours,Day 31,0
739,31,19,H19,Active hours,Day 31,0
740,31,20,H20,Active hours,Day 31,0
741,31,21,H21,Active hours,Day 31,0
742,31,22,H22,Active hours,Day 31,0
743,31,23,H23,Active hours,Day 31,0
